{
  "version": 2,
  "buildCommand": "echo 'No build required'",
  "outputDirectory": ".",
  "installCommand": "echo 'No install required'",
  "rewrites": [
    {
      "source": "/(.*)",
      "destination": "/index.html"
    }
  ],
  "headers": [
    {
      "source": "/(.*)",
      "headers": [
        {
          "key": "X-Content-Type-Options",
          "value": "nosniff"
        },
        {
          "key": "X-Frame-Options",
          "value": "DENY"
        },
        {
          "key": "X-XSS-Protection",
          "value": "1; mode=block"
        },
        {
          "key": "Referrer-Policy",
          "value": "strict-origin-when-cross-origin"
        }
      ]
    },
    {
      "source": "/style.css",
      "headers": [
        {
          "key": "Cache-Control",
          "value": "public, max-age=31536000, immutable"
        }
      ]
    },
    {
      "source": "/app.js",
      "headers": [
        {
          "key": "Cache-Control",
          "value": "public, max-age=31536000, immutable"
        }
      ]
    }
  ],
  "alias": "brushconcierge.com"
}
